year,labour_capacity_change
2000,0.4594411919763857
2001,0.171087710780411
2002,-1.0297418465279138
2003,-1.7596811804436876
2004,0.8572809427107863
2005,-1.4111848590642564
2006,-1.450716386480694
2007,-2.1161258751310252
2008,0.3576310097435115
2009,-1.904155968664157
2010,-2.8419700468499562
2011,-1.3039706734406917
2012,-1.9098993503374777
2013,-2.2653926841153114
2014,-3.084901697608006
2015,-3.0418273143283536
2016,-5.318036087444412
