year,labour_capacity_change
2000,1.2622411740331467
2001,1.1492367047991607
2002,-1.9250809236822668
2003,-3.3712559368263326
2004,1.1141054407467406
2005,-2.3165427372915177
2006,-0.084810666710604
2007,-3.572182626151081
2008,0.8113458643965877
2009,-3.9562684844892573
2010,-6.329393549180212
2011,-1.9417830852578128
2012,-3.5556056105960243
2013,-1.1400427430111753
2014,-7.531001031218477
2015,-8.322631369795367
2016,-8.899549017371543
